"Source:","C:\Users\sguid\OneDrive\Documents\IndividualSubsystem_TeamProject\IndividualSubsystem\IndividualSubsystem.kicad_sch"
"Date:","2025-10-29T00:11:59-0700"
"Tool:","Eeschema 9.0.4"
"Generator:","C:\Program Files\KiCad\9.0\bin\scripting\plugins/bom_csv_grouped_by_value.py"
"Component Count:","19"

"Collated Components:"

"Item","Qty","Reference(s)","Value","LibPart","Footprint","Datasheet","DNP","Datasheet","Description","Footprint","Sim.Pins"
"1","1","C1",".33uF","Device:C","","~","","~","Unpolarized capacitor","",""
"2","1","C2",".1uF","Device:C","","~","","~","Unpolarized capacitor","",""
"3","1","Connector1","~","Voltage regulator symbols:Ribbon_Connecter_TLW","","","","","","",""
"4","1","D1","LED","Device:LED","","~","","~","Light emitting diode","","1=K 2=A"
"5","1","J1","Barrel_Jack_Switch","Voltage regulator symbols:Barrel_Jack_Switch","","~","","~","DC Barrel Jack with an internal switch","",""
"6","1","J2","Header Connector","Connector_Generic:Conn_02x04_Odd_Even","","~","","~","Generic connector, double row, 02x04, odd/even pin numbering scheme (row 1 odd numbers, row 2 even numbers), script generated (kicad-library-utils/schlib/autogen/connector/)","",""
"7","1","K1","Relay_DPDT","Relay:Relay_DPDT","","~","","~","Relay DPDT, monostable, EN50005","",""
"8","1","Little_Fuse_Switch_TLW1","~","Voltage regulator symbols:59630-1-T-02-A_TLW","","","","","","",""
"9","1","R1","1K","Device:R_US","","~","","~","Resistor, US symbol","",""
"10","1","R2","R_US","Device:R_US","","~","","~","Resistor, US symbol","",""
"11","1","R3","10K","Device:R_US","","~","","~","Resistor, US symbol","",""
"12","1","SW1","SW_Push","Switch:SW_Push","","~","","~","Push button switch, generic, two pins","",""
"13","4","TP1, TP2, TP3, TP4","TestPoint","Connector:TestPoint","","~","","~","test point","",""
"14","1","U1","LM7805_TLW","Voltage regulator symbols:LM7805_TLW","","","","","","",""
"15","1","U2","PIC18F57Q43_CNANO_TLW","Voltage regulator symbols:TLW_CuriosityNano","","","","","","",""
"16","1","Water_pump_fit0910_TLW1","~","Voltage regulator symbols:Water_pump_fit0910_TLW","","","","","","",""
