<?xml version="1.0" encoding="UTF-8"?>
<export version="E">
  <design>
    <source>C:\Users\sguid\OneDrive\Documents\IndividualSubsystem_TeamProject\IndividualSubsystem\IndividualSubsystem.kicad_sch</source>
    <date>2025-10-29T00:11:59-0700</date>
    <tool>Eeschema 9.0.4</tool>
    <sheet number="1" name="/" tstamps="/">
      <title_block>
        <title>Pic Microcontroller With Intake Pump and Switch</title>
        <company>Team 102 </company>
        <rev>3</rev>
        <date>2025 - 10 - 26</date>
        <source>IndividualSubsystem.kicad_sch</source>
        <comment number="1" value=""/>
        <comment number="2" value=""/>
        <comment number="3" value=""/>
        <comment number="4" value=""/>
        <comment number="5" value=""/>
        <comment number="6" value=""/>
        <comment number="7" value=""/>
        <comment number="8" value=""/>
        <comment number="9" value=""/>
      </title_block>
    </sheet>
  </design>
  <components>
    <comp ref="C1">
      <value>.33uF</value>
      <datasheet>~</datasheet>
      <description>Unpolarized capacitor</description>
      <fields>
        <field name="Footprint"/>
        <field name="Datasheet">~</field>
        <field name="Description">Unpolarized capacitor</field>
      </fields>
      <libsource lib="Device" part="C" description="Unpolarized capacitor"/>
      <property name="Sheetname" value="Root"/>
      <property name="Sheetfile" value="IndividualSubsystem.kicad_sch"/>
      <property name="ki_keywords" value="cap capacitor"/>
      <property name="ki_fp_filters" value="C_*"/>
      <sheetpath names="/" tstamps="/"/>
      <tstamps>f0724834-0814-4421-9a71-e37a7e952ebd</tstamps>
    </comp>
    <comp ref="C2">
      <value>.1uF</value>
      <datasheet>~</datasheet>
      <description>Unpolarized capacitor</description>
      <fields>
        <field name="Footprint"/>
        <field name="Datasheet">~</field>
        <field name="Description">Unpolarized capacitor</field>
      </fields>
      <libsource lib="Device" part="C" description="Unpolarized capacitor"/>
      <property name="Sheetname" value="Root"/>
      <property name="Sheetfile" value="IndividualSubsystem.kicad_sch"/>
      <property name="ki_keywords" value="cap capacitor"/>
      <property name="ki_fp_filters" value="C_*"/>
      <sheetpath names="/" tstamps="/"/>
      <tstamps>d155899a-e867-4349-bd1a-408fac3c07e6</tstamps>
    </comp>
    <comp ref="Connector1">
      <value>~</value>
      <fields>
        <field name="Footprint"/>
        <field name="Datasheet"/>
        <field name="Description"/>
      </fields>
      <libsource lib="Voltage regulator symbols" part="Ribbon_Connecter_TLW" description=""/>
      <property name="Sheetname" value="Root"/>
      <property name="Sheetfile" value="IndividualSubsystem.kicad_sch"/>
      <sheetpath names="/" tstamps="/"/>
      <tstamps>d65d1e3f-e963-4c07-a002-f1f70bdb994c</tstamps>
    </comp>
    <comp ref="D1">
      <value>LED</value>
      <datasheet>~</datasheet>
      <description>Light emitting diode</description>
      <fields>
        <field name="Sim.Pins">1=K 2=A</field>
        <field name="Footprint"/>
        <field name="Datasheet">~</field>
        <field name="Description">Light emitting diode</field>
      </fields>
      <libsource lib="Device" part="LED" description="Light emitting diode"/>
      <property name="Sim.Pins" value="1=K 2=A"/>
      <property name="Sheetname" value="Root"/>
      <property name="Sheetfile" value="IndividualSubsystem.kicad_sch"/>
      <property name="ki_keywords" value="LED diode"/>
      <property name="ki_fp_filters" value="LED* LED_SMD:* LED_THT:*"/>
      <sheetpath names="/" tstamps="/"/>
      <tstamps>cd1c4093-d9f4-4ec4-b524-6bcd25ef3a46</tstamps>
    </comp>
    <comp ref="J1">
      <value>Barrel_Jack_Switch</value>
      <datasheet>~</datasheet>
      <description>DC Barrel Jack with an internal switch</description>
      <fields>
        <field name="Footprint"/>
        <field name="Datasheet">~</field>
        <field name="Description">DC Barrel Jack with an internal switch</field>
      </fields>
      <libsource lib="Voltage regulator symbols" part="Barrel_Jack_Switch" description="DC Barrel Jack with an internal switch"/>
      <property name="Sheetname" value="Root"/>
      <property name="Sheetfile" value="IndividualSubsystem.kicad_sch"/>
      <property name="ki_keywords" value="DC power barrel jack connector"/>
      <property name="ki_fp_filters" value="BarrelJack*"/>
      <sheetpath names="/" tstamps="/"/>
      <tstamps>791bcbbf-150b-441c-adb2-cc0725e67a1a</tstamps>
    </comp>
    <comp ref="J2">
      <value>Header Connector</value>
      <datasheet>~</datasheet>
      <description>Generic connector, double row, 02x04, odd/even pin numbering scheme (row 1 odd numbers, row 2 even numbers), script generated (kicad-library-utils/schlib/autogen/connector/)</description>
      <fields>
        <field name="Footprint"/>
        <field name="Datasheet">~</field>
        <field name="Description">Generic connector, double row, 02x04, odd/even pin numbering scheme (row 1 odd numbers, row 2 even numbers), script generated (kicad-library-utils/schlib/autogen/connector/)</field>
      </fields>
      <libsource lib="Connector_Generic" part="Conn_02x04_Odd_Even" description="Generic connector, double row, 02x04, odd/even pin numbering scheme (row 1 odd numbers, row 2 even numbers), script generated (kicad-library-utils/schlib/autogen/connector/)"/>
      <property name="Sheetname" value="Root"/>
      <property name="Sheetfile" value="IndividualSubsystem.kicad_sch"/>
      <property name="ki_keywords" value="connector"/>
      <property name="ki_fp_filters" value="Connector*:*_2x??_*"/>
      <sheetpath names="/" tstamps="/"/>
      <tstamps>29610198-f55e-470d-887d-33b5f525bfaf</tstamps>
    </comp>
    <comp ref="K1">
      <value>Relay_DPDT</value>
      <datasheet>~</datasheet>
      <description>Relay DPDT, monostable, EN50005</description>
      <fields>
        <field name="Footprint"/>
        <field name="Datasheet">~</field>
        <field name="Description">Relay DPDT, monostable, EN50005</field>
      </fields>
      <libsource lib="Relay" part="Relay_DPDT" description="Relay DPDT, monostable, EN50005"/>
      <property name="Sheetname" value="Root"/>
      <property name="Sheetfile" value="IndividualSubsystem.kicad_sch"/>
      <property name="ki_keywords" value="2P2T 2-Form-C double dual throw pole"/>
      <property name="ki_fp_filters" value="Relay?DPDT*"/>
      <sheetpath names="/" tstamps="/"/>
      <tstamps>bf4aea9c-101d-497f-afe7-33aec81c8be3</tstamps>
    </comp>
    <comp ref="Little_Fuse_Switch_TLW1">
      <value>~</value>
      <fields>
        <field name="Footprint"/>
        <field name="Datasheet"/>
        <field name="Description"/>
      </fields>
      <libsource lib="Voltage regulator symbols" part="59630-1-T-02-A_TLW" description=""/>
      <property name="Sheetname" value="Root"/>
      <property name="Sheetfile" value="IndividualSubsystem.kicad_sch"/>
      <sheetpath names="/" tstamps="/"/>
      <tstamps>34e095b2-d621-4fa1-a77e-3479ec43a252</tstamps>
    </comp>
    <comp ref="R1">
      <value>1K</value>
      <datasheet>~</datasheet>
      <description>Resistor, US symbol</description>
      <fields>
        <field name="Footprint"/>
        <field name="Datasheet">~</field>
        <field name="Description">Resistor, US symbol</field>
      </fields>
      <libsource lib="Device" part="R_US" description="Resistor, US symbol"/>
      <property name="Sheetname" value="Root"/>
      <property name="Sheetfile" value="IndividualSubsystem.kicad_sch"/>
      <property name="ki_keywords" value="R res resistor"/>
      <property name="ki_fp_filters" value="R_*"/>
      <sheetpath names="/" tstamps="/"/>
      <tstamps>8d43b1bf-058b-46b1-ba24-54be2562575f</tstamps>
    </comp>
    <comp ref="R2">
      <value>R_US</value>
      <datasheet>~</datasheet>
      <description>Resistor, US symbol</description>
      <fields>
        <field name="Footprint"/>
        <field name="Datasheet">~</field>
        <field name="Description">Resistor, US symbol</field>
      </fields>
      <libsource lib="Device" part="R_US" description="Resistor, US symbol"/>
      <property name="Sheetname" value="Root"/>
      <property name="Sheetfile" value="IndividualSubsystem.kicad_sch"/>
      <property name="ki_keywords" value="R res resistor"/>
      <property name="ki_fp_filters" value="R_*"/>
      <sheetpath names="/" tstamps="/"/>
      <tstamps>45c91b05-c8f3-44fa-9b14-91c2be526bf5</tstamps>
    </comp>
    <comp ref="R3">
      <value>10K</value>
      <datasheet>~</datasheet>
      <description>Resistor, US symbol</description>
      <fields>
        <field name="Footprint"/>
        <field name="Datasheet">~</field>
        <field name="Description">Resistor, US symbol</field>
      </fields>
      <libsource lib="Device" part="R_US" description="Resistor, US symbol"/>
      <property name="Sheetname" value="Root"/>
      <property name="Sheetfile" value="IndividualSubsystem.kicad_sch"/>
      <property name="ki_keywords" value="R res resistor"/>
      <property name="ki_fp_filters" value="R_*"/>
      <sheetpath names="/" tstamps="/"/>
      <tstamps>cd3ca330-bffe-4246-913f-4ace8330f2ff</tstamps>
    </comp>
    <comp ref="SW1">
      <value>SW_Push</value>
      <datasheet>~</datasheet>
      <description>Push button switch, generic, two pins</description>
      <fields>
        <field name="Footprint"/>
        <field name="Datasheet">~</field>
        <field name="Description">Push button switch, generic, two pins</field>
      </fields>
      <libsource lib="Switch" part="SW_Push" description="Push button switch, generic, two pins"/>
      <property name="Sheetname" value="Root"/>
      <property name="Sheetfile" value="IndividualSubsystem.kicad_sch"/>
      <property name="ki_keywords" value="switch normally-open pushbutton push-button"/>
      <sheetpath names="/" tstamps="/"/>
      <tstamps>3c45ab95-759b-4f0a-9a94-9eda0b73372b</tstamps>
    </comp>
    <comp ref="TP1">
      <value>TestPoint</value>
      <datasheet>~</datasheet>
      <description>test point</description>
      <fields>
        <field name="Footprint"/>
        <field name="Datasheet">~</field>
        <field name="Description">test point</field>
      </fields>
      <libsource lib="Connector" part="TestPoint" description="test point"/>
      <property name="Sheetname" value="Root"/>
      <property name="Sheetfile" value="IndividualSubsystem.kicad_sch"/>
      <property name="ki_keywords" value="test point tp"/>
      <property name="ki_fp_filters" value="Pin* Test*"/>
      <sheetpath names="/" tstamps="/"/>
      <tstamps>6560c829-4887-4da5-ac7f-c6c9589880e0</tstamps>
    </comp>
    <comp ref="TP2">
      <value>TestPoint</value>
      <datasheet>~</datasheet>
      <description>test point</description>
      <fields>
        <field name="Footprint"/>
        <field name="Datasheet">~</field>
        <field name="Description">test point</field>
      </fields>
      <libsource lib="Connector" part="TestPoint" description="test point"/>
      <property name="Sheetname" value="Root"/>
      <property name="Sheetfile" value="IndividualSubsystem.kicad_sch"/>
      <property name="ki_keywords" value="test point tp"/>
      <property name="ki_fp_filters" value="Pin* Test*"/>
      <sheetpath names="/" tstamps="/"/>
      <tstamps>87d47b6a-9a0e-42da-9beb-0561cea8448b</tstamps>
    </comp>
    <comp ref="TP3">
      <value>TestPoint</value>
      <datasheet>~</datasheet>
      <description>test point</description>
      <fields>
        <field name="Footprint"/>
        <field name="Datasheet">~</field>
        <field name="Description">test point</field>
      </fields>
      <libsource lib="Connector" part="TestPoint" description="test point"/>
      <property name="Sheetname" value="Root"/>
      <property name="Sheetfile" value="IndividualSubsystem.kicad_sch"/>
      <property name="ki_keywords" value="test point tp"/>
      <property name="ki_fp_filters" value="Pin* Test*"/>
      <sheetpath names="/" tstamps="/"/>
      <tstamps>7e9e102d-7f8c-407b-b0f1-62469d8c3b0a</tstamps>
    </comp>
    <comp ref="TP4">
      <value>TestPoint</value>
      <datasheet>~</datasheet>
      <description>test point</description>
      <fields>
        <field name="Footprint"/>
        <field name="Datasheet">~</field>
        <field name="Description">test point</field>
      </fields>
      <libsource lib="Connector" part="TestPoint" description="test point"/>
      <property name="Sheetname" value="Root"/>
      <property name="Sheetfile" value="IndividualSubsystem.kicad_sch"/>
      <property name="ki_keywords" value="test point tp"/>
      <property name="ki_fp_filters" value="Pin* Test*"/>
      <sheetpath names="/" tstamps="/"/>
      <tstamps>5aa22e0a-8265-4b23-8761-b3b6c320e013</tstamps>
    </comp>
    <comp ref="U1">
      <value>LM7805_TLW</value>
      <fields>
        <field name="Footprint"/>
        <field name="Datasheet"/>
        <field name="Description"/>
      </fields>
      <libsource lib="Voltage regulator symbols" part="LM7805_TLW" description=""/>
      <property name="Sheetname" value="Root"/>
      <property name="Sheetfile" value="IndividualSubsystem.kicad_sch"/>
      <sheetpath names="/" tstamps="/"/>
      <tstamps>73b80cb9-3af1-41ab-ae85-e6c975782134</tstamps>
    </comp>
    <comp ref="U2">
      <value>PIC18F57Q43_CNANO_TLW</value>
      <fields>
        <field name="Footprint"/>
        <field name="Datasheet"/>
        <field name="Description"/>
      </fields>
      <libsource lib="Voltage regulator symbols" part="TLW_CuriosityNano" description=""/>
      <property name="Sheetname" value="Root"/>
      <property name="Sheetfile" value="IndividualSubsystem.kicad_sch"/>
      <sheetpath names="/" tstamps="/"/>
      <tstamps>b8f20327-430a-4f5e-9cc0-f53404e90f68</tstamps>
    </comp>
    <comp ref="Water_pump_fit0910_TLW1">
      <value>~</value>
      <fields>
        <field name="Footprint"/>
        <field name="Datasheet"/>
        <field name="Description"/>
      </fields>
      <libsource lib="Voltage regulator symbols" part="Water_pump_fit0910_TLW" description=""/>
      <property name="Sheetname" value="Root"/>
      <property name="Sheetfile" value="IndividualSubsystem.kicad_sch"/>
      <sheetpath names="/" tstamps="/"/>
      <tstamps>0017ef61-6698-495e-8d50-01b887d9259d</tstamps>
    </comp>
  </components>
  <libparts>
    <libpart lib="Connector" part="TestPoint">
      <description>test point</description>
      <docs>~</docs>
      <footprints>
        <fp>Pin*</fp>
        <fp>Test*</fp>
      </footprints>
      <fields>
        <field name="Reference">TP</field>
        <field name="Value">TestPoint</field>
        <field name="Footprint"/>
        <field name="Datasheet">~</field>
        <field name="Description">test point</field>
      </fields>
      <pins>
        <pin num="1" name="1" type="passive"/>
      </pins>
    </libpart>
    <libpart lib="Connector_Generic" part="Conn_02x04_Odd_Even">
      <description>Generic connector, double row, 02x04, odd/even pin numbering scheme (row 1 odd numbers, row 2 even numbers), script generated (kicad-library-utils/schlib/autogen/connector/)</description>
      <docs>~</docs>
      <footprints>
        <fp>Connector*:*_2x??_*</fp>
      </footprints>
      <fields>
        <field name="Reference">J</field>
        <field name="Value">Conn_02x04_Odd_Even</field>
        <field name="Footprint"/>
        <field name="Datasheet">~</field>
        <field name="Description">Generic connector, double row, 02x04, odd/even pin numbering scheme (row 1 odd numbers, row 2 even numbers), script generated (kicad-library-utils/schlib/autogen/connector/)</field>
      </fields>
      <pins>
        <pin num="1" name="Pin_1" type="passive"/>
        <pin num="2" name="Pin_2" type="passive"/>
        <pin num="3" name="Pin_3" type="passive"/>
        <pin num="4" name="Pin_4" type="passive"/>
        <pin num="5" name="Pin_5" type="passive"/>
        <pin num="6" name="Pin_6" type="passive"/>
        <pin num="7" name="Pin_7" type="passive"/>
        <pin num="8" name="Pin_8" type="passive"/>
      </pins>
    </libpart>
    <libpart lib="Device" part="C">
      <description>Unpolarized capacitor</description>
      <docs>~</docs>
      <footprints>
        <fp>C_*</fp>
      </footprints>
      <fields>
        <field name="Reference">C</field>
        <field name="Value">C</field>
        <field name="Footprint"/>
        <field name="Datasheet">~</field>
        <field name="Description">Unpolarized capacitor</field>
      </fields>
      <pins>
        <pin num="1" name="" type="passive"/>
        <pin num="2" name="" type="passive"/>
      </pins>
    </libpart>
    <libpart lib="Device" part="LED">
      <description>Light emitting diode</description>
      <docs>~</docs>
      <footprints>
        <fp>LED*</fp>
        <fp>LED_SMD:*</fp>
        <fp>LED_THT:*</fp>
      </footprints>
      <fields>
        <field name="Reference">D</field>
        <field name="Value">LED</field>
        <field name="Footprint"/>
        <field name="Datasheet">~</field>
        <field name="Description">Light emitting diode</field>
        <field name="Sim.Pins">1=K 2=A</field>
      </fields>
      <pins>
        <pin num="1" name="K" type="passive"/>
        <pin num="2" name="A" type="passive"/>
      </pins>
    </libpart>
    <libpart lib="Device" part="R_US">
      <description>Resistor, US symbol</description>
      <docs>~</docs>
      <footprints>
        <fp>R_*</fp>
      </footprints>
      <fields>
        <field name="Reference">R</field>
        <field name="Value">R_US</field>
        <field name="Footprint"/>
        <field name="Datasheet">~</field>
        <field name="Description">Resistor, US symbol</field>
      </fields>
      <pins>
        <pin num="1" name="" type="passive"/>
        <pin num="2" name="" type="passive"/>
      </pins>
    </libpart>
    <libpart lib="Relay" part="Relay_DPDT">
      <description>Relay DPDT, monostable, EN50005</description>
      <docs>~</docs>
      <footprints>
        <fp>Relay?DPDT*</fp>
      </footprints>
      <fields>
        <field name="Reference">K</field>
        <field name="Value">Relay_DPDT</field>
        <field name="Footprint"/>
        <field name="Datasheet">~</field>
        <field name="Description">Relay DPDT, monostable, EN50005</field>
      </fields>
      <pins>
        <pin num="11" name="" type="passive"/>
        <pin num="12" name="" type="passive"/>
        <pin num="14" name="" type="passive"/>
        <pin num="21" name="" type="passive"/>
        <pin num="22" name="" type="passive"/>
        <pin num="24" name="" type="passive"/>
        <pin num="A1" name="" type="passive"/>
        <pin num="A2" name="" type="passive"/>
      </pins>
    </libpart>
    <libpart lib="Switch" part="SW_Push">
      <description>Push button switch, generic, two pins</description>
      <docs>~</docs>
      <fields>
        <field name="Reference">SW</field>
        <field name="Value">SW_Push</field>
        <field name="Footprint"/>
        <field name="Datasheet">~</field>
        <field name="Description">Push button switch, generic, two pins</field>
      </fields>
      <pins>
        <pin num="1" name="1" type="passive"/>
        <pin num="2" name="2" type="passive"/>
      </pins>
    </libpart>
    <libpart lib="Voltage regulator symbols" part="59630-1-T-02-A_TLW">
      <fields>
        <field name="Reference">Little_Fuse_Sensor_TLW</field>
        <field name="Value"/>
        <field name="Footprint"/>
        <field name="Datasheet"/>
        <field name="Description"/>
      </fields>
      <pins>
        <pin num="" name="Terminal_2" type="output"/>
        <pin num="1" name="Terminal_1" type="input"/>
      </pins>
    </libpart>
    <libpart lib="Voltage regulator symbols" part="Barrel_Jack_Switch">
      <description>DC Barrel Jack with an internal switch</description>
      <docs>~</docs>
      <footprints>
        <fp>BarrelJack*</fp>
      </footprints>
      <fields>
        <field name="Reference">J1</field>
        <field name="Value">Barrel_Jack_Switch</field>
        <field name="Footprint"/>
        <field name="Datasheet">~</field>
        <field name="Description">DC Barrel Jack with an internal switch</field>
      </fields>
      <pins>
        <pin num="1" name="" type="power_out"/>
        <pin num="2" name="" type="power_out"/>
        <pin num="3" name="" type="passive"/>
      </pins>
    </libpart>
    <libpart lib="Voltage regulator symbols" part="LM7805_TLW">
      <fields>
        <field name="Reference">U</field>
        <field name="Value">LM7805_TLW</field>
        <field name="Footprint"/>
        <field name="Datasheet"/>
        <field name="Description"/>
      </fields>
      <pins>
        <pin num="1" name="Input" type="power_in"/>
        <pin num="2" name="GND" type="power_in"/>
        <pin num="3" name="Output" type="power_out"/>
      </pins>
    </libpart>
    <libpart lib="Voltage regulator symbols" part="Ribbon_Connecter_TLW">
      <fields>
        <field name="Reference">U</field>
        <field name="Value"/>
        <field name="Footprint"/>
        <field name="Datasheet"/>
        <field name="Description"/>
      </fields>
      <pins>
        <pin num="1" name="Terminal_1" type="output"/>
        <pin num="2" name="Terminal_2" type="input"/>
        <pin num="3" name="Terminal_3" type="input"/>
        <pin num="4" name="Terminal_4" type="input"/>
        <pin num="5" name="Terminal_5" type="input"/>
        <pin num="6" name="Terminal_6" type="output"/>
        <pin num="7" name="Terminal_7" type="input"/>
        <pin num="8" name="GND" type="input"/>
      </pins>
    </libpart>
    <libpart lib="Voltage regulator symbols" part="TLW_CuriosityNano">
      <fields>
        <field name="Reference">U</field>
        <field name="Value"/>
        <field name="Footprint"/>
        <field name="Datasheet"/>
        <field name="Description"/>
      </fields>
      <pins>
        <pin num="1" name="Vbus" type="power_out"/>
        <pin num="2" name="Voff" type="bidirectional"/>
        <pin num="3" name="RE3" type="bidirectional"/>
        <pin num="4" name="RB7" type="bidirectional"/>
        <pin num="5" name="GND" type="input"/>
        <pin num="6" name="VTG" type="power_in"/>
        <pin num="7" name="RA7" type="bidirectional"/>
        <pin num="8" name="RA6" type="bidirectional"/>
        <pin num="9" name="RA5" type="bidirectional"/>
        <pin num="10" name="RB3" type="bidirectional"/>
        <pin num="11" name="RB0" type="bidirectional"/>
        <pin num="12" name="RA2" type="bidirectional"/>
        <pin num="13" name="RA1" type="bidirectional"/>
        <pin num="14" name="RA0" type="bidirectional"/>
        <pin num="15" name="GND" type="input"/>
        <pin num="16" name="RD7" type="bidirectional"/>
        <pin num="17" name="RD6" type="bidirectional"/>
        <pin num="18" name="RD5" type="bidirectional"/>
        <pin num="19" name="RB5" type="bidirectional"/>
        <pin num="20" name="RF7" type="bidirectional"/>
        <pin num="21" name="RF6" type="bidirectional"/>
        <pin num="22" name="RF5" type="bidirectional"/>
        <pin num="23" name="RF4" type="bidirectional"/>
        <pin num="24" name="GND" type="input"/>
        <pin num="25" name="RE1" type="bidirectional"/>
        <pin num="26" name="RE0" type="bidirectional"/>
        <pin num="27" name="RC1" type="bidirectional"/>
        <pin num="28" name="RC0" type="bidirectional"/>
        <pin num="29" name="RF3" type="bidirectional"/>
        <pin num="30" name="RF2" type="bidirectional"/>
        <pin num="31" name="RF1" type="bidirectional"/>
        <pin num="32" name="RF0" type="bidirectional"/>
        <pin num="33" name="GND" type="input"/>
        <pin num="34" name="RD3" type="bidirectional"/>
        <pin num="35" name="RD2" type="bidirectional"/>
        <pin num="36" name="RD1" type="bidirectional"/>
        <pin num="37" name="RD0" type="bidirectional"/>
        <pin num="38" name="RC7" type="bidirectional"/>
        <pin num="39" name="RE2" type="bidirectional"/>
        <pin num="40" name="RA4" type="bidirectional"/>
        <pin num="41" name="RA3" type="bidirectional"/>
        <pin num="42" name="GND" type="input"/>
        <pin num="43" name="Rd4" type="bidirectional"/>
        <pin num="44" name="Rc6" type="bidirectional"/>
        <pin num="45" name="Rc5" type="bidirectional"/>
        <pin num="46" name="Rc4" type="bidirectional"/>
        <pin num="47" name="Rb1" type="bidirectional"/>
        <pin num="48" name="Rb2" type="bidirectional"/>
        <pin num="49" name="RC3" type="bidirectional"/>
        <pin num="50" name="RC2" type="bidirectional"/>
        <pin num="51" name="RB4" type="output"/>
        <pin num="52" name="RB6" type="input"/>
        <pin num="53" name="RF1" type="bidirectional"/>
        <pin num="54" name="RF0" type="bidirectional"/>
        <pin num="55" name="ID" type="passive"/>
        <pin num="56" name="NC" type="no_connect"/>
      </pins>
    </libpart>
    <libpart lib="Voltage regulator symbols" part="Water_pump_fit0910_TLW">
      <fields>
        <field name="Reference">Water_pump_fit0910_TLW</field>
        <field name="Value"/>
        <field name="Footprint"/>
        <field name="Datasheet"/>
        <field name="Description"/>
      </fields>
      <pins>
        <pin num="1" name="Power" type="input"/>
        <pin num="2" name="Ground" type="input"/>
      </pins>
    </libpart>
  </libparts>
  <libraries>
    <library logical="Connector">
      <uri>C:\Program Files\KiCad\9.0\share\kicad\symbols\/Connector.kicad_sym</uri>
    </library>
    <library logical="Connector_Generic">
      <uri>C:\Program Files\KiCad\9.0\share\kicad\symbols\/Connector_Generic.kicad_sym</uri>
    </library>
    <library logical="Device">
      <uri>C:\Program Files\KiCad\9.0\share\kicad\symbols\/Device.kicad_sym</uri>
    </library>
    <library logical="Relay">
      <uri>C:\Program Files\KiCad\9.0\share\kicad\symbols\/Relay.kicad_sym</uri>
    </library>
    <library logical="Switch">
      <uri>C:\Program Files\KiCad\9.0\share\kicad\symbols\/Switch.kicad_sym</uri>
    </library>
    <library logical="Voltage regulator symbols">
      <uri>C:/Users/sguid/OneDrive/Documents/KiCad Assignment/Voltage Regulator/Voltage regulator symbols.kicad_sym</uri>
    </library>
  </libraries>
  <nets>
    <net code="1" name="+5V" class="Default">
      <node ref="C2" pin="1" pintype="passive"/>
      <node ref="K1" pin="11" pintype="passive"/>
      <node ref="Little_Fuse_Switch_TLW1" pin="" pinfunction="Terminal_2" pintype="output"/>
      <node ref="R1" pin="1" pintype="passive"/>
      <node ref="TP2" pin="1" pinfunction="1" pintype="passive"/>
      <node ref="TP3" pin="1" pinfunction="1" pintype="passive"/>
      <node ref="TP4" pin="1" pinfunction="1" pintype="passive"/>
      <node ref="U1" pin="3" pinfunction="Output" pintype="power_out"/>
      <node ref="U2" pin="6" pinfunction="VTG" pintype="power_in"/>
    </net>
    <net code="2" name="+9v" class="Default">
      <node ref="C1" pin="1" pintype="passive"/>
      <node ref="J1" pin="1" pintype="power_out"/>
      <node ref="U1" pin="1" pinfunction="Input" pintype="power_in"/>
    </net>
    <net code="3" name="Earth" class="Default">
      <node ref="C1" pin="2" pintype="passive"/>
      <node ref="C2" pin="2" pintype="passive"/>
      <node ref="Connector1" pin="8" pinfunction="GND" pintype="input"/>
      <node ref="D1" pin="1" pinfunction="K" pintype="passive"/>
      <node ref="J1" pin="2" pintype="power_out"/>
      <node ref="K1" pin="A1" pintype="passive"/>
      <node ref="R1" pin="2" pintype="passive"/>
      <node ref="R3" pin="1" pintype="passive"/>
      <node ref="U1" pin="2" pinfunction="GND" pintype="power_in"/>
      <node ref="U2" pin="2" pinfunction="Voff" pintype="bidirectional"/>
      <node ref="U2" pin="24" pinfunction="GND" pintype="input"/>
      <node ref="U2" pin="33" pinfunction="GND" pintype="input"/>
      <node ref="U2" pin="42" pinfunction="GND" pintype="input"/>
      <node ref="U2" pin="5" pinfunction="GND" pintype="input"/>
      <node ref="Water_pump_fit0910_TLW1" pin="2" pinfunction="Ground" pintype="input"/>
    </net>
    <net code="4" name="Float Switch Terminal_1" class="Default">
      <node ref="U2" pin="35" pinfunction="RD2" pintype="bidirectional"/>
    </net>
    <net code="5" name="Net-(D1-A)" class="Default">
      <node ref="D1" pin="2" pinfunction="A" pintype="passive"/>
      <node ref="R2" pin="2" pintype="passive"/>
    </net>
    <net code="6" name="Net-(J2-Pin_1)" class="Default">
      <node ref="J2" pin="1" pinfunction="Pin_1" pintype="passive"/>
      <node ref="U2" pin="18" pinfunction="RD5" pintype="bidirectional"/>
    </net>
    <net code="7" name="Net-(J2-Pin_2)" class="Default">
      <node ref="J2" pin="2" pinfunction="Pin_2" pintype="passive"/>
      <node ref="U2" pin="22" pinfunction="RF5" pintype="bidirectional"/>
    </net>
    <net code="8" name="Net-(J2-Pin_3)" class="Default">
      <node ref="J2" pin="3" pinfunction="Pin_3" pintype="passive"/>
      <node ref="U2" pin="17" pinfunction="RD6" pintype="bidirectional"/>
    </net>
    <net code="9" name="Net-(J2-Pin_4)" class="Default">
      <node ref="J2" pin="4" pinfunction="Pin_4" pintype="passive"/>
      <node ref="U2" pin="23" pinfunction="RF4" pintype="bidirectional"/>
    </net>
    <net code="10" name="Net-(J2-Pin_5)" class="Default">
      <node ref="J2" pin="5" pinfunction="Pin_5" pintype="passive"/>
      <node ref="U2" pin="16" pinfunction="RD7" pintype="bidirectional"/>
    </net>
    <net code="11" name="Net-(J2-Pin_6)" class="Default">
      <node ref="J2" pin="6" pinfunction="Pin_6" pintype="passive"/>
      <node ref="U2" pin="13" pinfunction="RA1" pintype="bidirectional"/>
    </net>
    <net code="12" name="Net-(J2-Pin_7)" class="Default">
      <node ref="J2" pin="7" pinfunction="Pin_7" pintype="passive"/>
      <node ref="U2" pin="14" pinfunction="RA0" pintype="bidirectional"/>
    </net>
    <net code="13" name="Net-(J2-Pin_8)" class="Default">
      <node ref="J2" pin="8" pinfunction="Pin_8" pintype="passive"/>
      <node ref="U2" pin="15" pinfunction="GND" pintype="input"/>
    </net>
    <net code="14" name="Net-(R3-Pad2)" class="Default">
      <node ref="R3" pin="2" pintype="passive"/>
      <node ref="SW1" pin="1" pinfunction="1" pintype="passive"/>
    </net>
    <net code="15" name="Net-(U2-RC2)" class="Default">
      <node ref="SW1" pin="2" pinfunction="2" pintype="passive"/>
      <node ref="TP1" pin="1" pinfunction="1" pintype="passive"/>
      <node ref="U2" pin="50" pinfunction="RC2" pintype="bidirectional"/>
    </net>
    <net code="16" name="Net-(U2-Rb2)" class="Default">
      <node ref="R2" pin="1" pintype="passive"/>
      <node ref="U2" pin="48" pinfunction="Rb2" pintype="bidirectional"/>
    </net>
    <net code="17" name="Net-(Water_pump_fit0910_TLW1-Power)" class="Default">
      <node ref="K1" pin="14" pintype="passive"/>
      <node ref="Water_pump_fit0910_TLW1" pin="1" pinfunction="Power" pintype="input"/>
    </net>
    <net code="18" name="RC3" class="Default">
      <node ref="Connector1" pin="6" pinfunction="Terminal_6" pintype="output"/>
    </net>
    <net code="19" name="RC7" class="Default">
      <node ref="Connector1" pin="1" pinfunction="Terminal_1" pintype="output"/>
    </net>
    <net code="20" name="RD1" class="Default">
      <node ref="K1" pin="A2" pintype="passive"/>
    </net>
    <net code="21" name="RD2" class="Default">
      <node ref="Little_Fuse_Switch_TLW1" pin="1" pinfunction="Terminal_1" pintype="input"/>
    </net>
    <net code="22" name="Relay A2" class="Default">
      <node ref="U2" pin="36" pinfunction="RD1" pintype="bidirectional"/>
    </net>
    <net code="23" name="Terminal 1 on Ribbon Connector" class="Default">
      <node ref="U2" pin="38" pinfunction="RC7" pintype="bidirectional"/>
    </net>
    <net code="24" name="Terminal 6 on Ribbon Connector" class="Default">
      <node ref="U2" pin="49" pinfunction="RC3" pintype="bidirectional"/>
    </net>
    <net code="25" name="unconnected-(Connector1-Terminal_2-Pad2)" class="Default">
      <node ref="Connector1" pin="2" pinfunction="Terminal_2" pintype="input+no_connect"/>
    </net>
    <net code="26" name="unconnected-(Connector1-Terminal_3-Pad3)" class="Default">
      <node ref="Connector1" pin="3" pinfunction="Terminal_3" pintype="input+no_connect"/>
    </net>
    <net code="27" name="unconnected-(Connector1-Terminal_4-Pad4)" class="Default">
      <node ref="Connector1" pin="4" pinfunction="Terminal_4" pintype="input+no_connect"/>
    </net>
    <net code="28" name="unconnected-(Connector1-Terminal_5-Pad5)" class="Default">
      <node ref="Connector1" pin="5" pinfunction="Terminal_5" pintype="input+no_connect"/>
    </net>
    <net code="29" name="unconnected-(Connector1-Terminal_7-Pad7)" class="Default">
      <node ref="Connector1" pin="7" pinfunction="Terminal_7" pintype="input+no_connect"/>
    </net>
    <net code="30" name="unconnected-(J1-Pad3)" class="Default">
      <node ref="J1" pin="3" pintype="passive+no_connect"/>
    </net>
    <net code="31" name="unconnected-(K1-Pad12)" class="Default">
      <node ref="K1" pin="12" pintype="passive+no_connect"/>
    </net>
    <net code="32" name="unconnected-(K1-Pad21)" class="Default">
      <node ref="K1" pin="21" pintype="passive+no_connect"/>
    </net>
    <net code="33" name="unconnected-(K1-Pad22)" class="Default">
      <node ref="K1" pin="22" pintype="passive+no_connect"/>
    </net>
    <net code="34" name="unconnected-(K1-Pad24)" class="Default">
      <node ref="K1" pin="24" pintype="passive+no_connect"/>
    </net>
    <net code="35" name="unconnected-(U2-ID-Pad55)" class="Default">
      <node ref="U2" pin="55" pinfunction="ID" pintype="passive+no_connect"/>
    </net>
    <net code="36" name="unconnected-(U2-NC-Pad56)" class="Default">
      <node ref="U2" pin="56" pinfunction="NC" pintype="no_connect"/>
    </net>
    <net code="37" name="unconnected-(U2-RA2-Pad12)" class="Default">
      <node ref="U2" pin="12" pinfunction="RA2" pintype="bidirectional+no_connect"/>
    </net>
    <net code="38" name="unconnected-(U2-RA3-Pad41)" class="Default">
      <node ref="U2" pin="41" pinfunction="RA3" pintype="bidirectional+no_connect"/>
    </net>
    <net code="39" name="unconnected-(U2-RA4-Pad40)" class="Default">
      <node ref="U2" pin="40" pinfunction="RA4" pintype="bidirectional+no_connect"/>
    </net>
    <net code="40" name="unconnected-(U2-RA5-Pad9)" class="Default">
      <node ref="U2" pin="9" pinfunction="RA5" pintype="bidirectional+no_connect"/>
    </net>
    <net code="41" name="unconnected-(U2-RA6-Pad8)" class="Default">
      <node ref="U2" pin="8" pinfunction="RA6" pintype="bidirectional+no_connect"/>
    </net>
    <net code="42" name="unconnected-(U2-RA7-Pad7)" class="Default">
      <node ref="U2" pin="7" pinfunction="RA7" pintype="bidirectional+no_connect"/>
    </net>
    <net code="43" name="unconnected-(U2-RB0-Pad11)" class="Default">
      <node ref="U2" pin="11" pinfunction="RB0" pintype="bidirectional+no_connect"/>
    </net>
    <net code="44" name="unconnected-(U2-RB3-Pad10)" class="Default">
      <node ref="U2" pin="10" pinfunction="RB3" pintype="bidirectional+no_connect"/>
    </net>
    <net code="45" name="unconnected-(U2-RB4-Pad51)" class="Default">
      <node ref="U2" pin="51" pinfunction="RB4" pintype="output+no_connect"/>
    </net>
    <net code="46" name="unconnected-(U2-RB5-Pad19)" class="Default">
      <node ref="U2" pin="19" pinfunction="RB5" pintype="bidirectional+no_connect"/>
    </net>
    <net code="47" name="unconnected-(U2-RB6-Pad52)" class="Default">
      <node ref="U2" pin="52" pinfunction="RB6" pintype="input+no_connect"/>
    </net>
    <net code="48" name="unconnected-(U2-RB7-Pad4)" class="Default">
      <node ref="U2" pin="4" pinfunction="RB7" pintype="bidirectional+no_connect"/>
    </net>
    <net code="49" name="unconnected-(U2-RC0-Pad28)" class="Default">
      <node ref="U2" pin="28" pinfunction="RC0" pintype="bidirectional+no_connect"/>
    </net>
    <net code="50" name="unconnected-(U2-RC1-Pad27)" class="Default">
      <node ref="U2" pin="27" pinfunction="RC1" pintype="bidirectional+no_connect"/>
    </net>
    <net code="51" name="unconnected-(U2-RD0-Pad37)" class="Default">
      <node ref="U2" pin="37" pinfunction="RD0" pintype="bidirectional+no_connect"/>
    </net>
    <net code="52" name="unconnected-(U2-RD3-Pad34)" class="Default">
      <node ref="U2" pin="34" pinfunction="RD3" pintype="bidirectional+no_connect"/>
    </net>
    <net code="53" name="unconnected-(U2-RE0-Pad26)" class="Default">
      <node ref="U2" pin="26" pinfunction="RE0" pintype="bidirectional+no_connect"/>
    </net>
    <net code="54" name="unconnected-(U2-RE1-Pad25)" class="Default">
      <node ref="U2" pin="25" pinfunction="RE1" pintype="bidirectional+no_connect"/>
    </net>
    <net code="55" name="unconnected-(U2-RE2-Pad39)" class="Default">
      <node ref="U2" pin="39" pinfunction="RE2" pintype="bidirectional+no_connect"/>
    </net>
    <net code="56" name="unconnected-(U2-RE3-Pad3)" class="Default">
      <node ref="U2" pin="3" pinfunction="RE3" pintype="bidirectional+no_connect"/>
    </net>
    <net code="57" name="unconnected-(U2-RF0-Pad32)" class="Default">
      <node ref="U2" pin="32" pinfunction="RF0" pintype="bidirectional+no_connect"/>
    </net>
    <net code="58" name="unconnected-(U2-RF0-Pad54)" class="Default">
      <node ref="U2" pin="54" pinfunction="RF0" pintype="bidirectional+no_connect"/>
    </net>
    <net code="59" name="unconnected-(U2-RF1-Pad31)" class="Default">
      <node ref="U2" pin="31" pinfunction="RF1" pintype="bidirectional+no_connect"/>
    </net>
    <net code="60" name="unconnected-(U2-RF1-Pad53)" class="Default">
      <node ref="U2" pin="53" pinfunction="RF1" pintype="bidirectional+no_connect"/>
    </net>
    <net code="61" name="unconnected-(U2-RF2-Pad30)" class="Default">
      <node ref="U2" pin="30" pinfunction="RF2" pintype="bidirectional+no_connect"/>
    </net>
    <net code="62" name="unconnected-(U2-RF3-Pad29)" class="Default">
      <node ref="U2" pin="29" pinfunction="RF3" pintype="bidirectional+no_connect"/>
    </net>
    <net code="63" name="unconnected-(U2-RF6-Pad21)" class="Default">
      <node ref="U2" pin="21" pinfunction="RF6" pintype="bidirectional+no_connect"/>
    </net>
    <net code="64" name="unconnected-(U2-RF7-Pad20)" class="Default">
      <node ref="U2" pin="20" pinfunction="RF7" pintype="bidirectional+no_connect"/>
    </net>
    <net code="65" name="unconnected-(U2-Rb1-Pad47)" class="Default">
      <node ref="U2" pin="47" pinfunction="Rb1" pintype="bidirectional+no_connect"/>
    </net>
    <net code="66" name="unconnected-(U2-Rc4-Pad46)" class="Default">
      <node ref="U2" pin="46" pinfunction="Rc4" pintype="bidirectional+no_connect"/>
    </net>
    <net code="67" name="unconnected-(U2-Rc5-Pad45)" class="Default">
      <node ref="U2" pin="45" pinfunction="Rc5" pintype="bidirectional+no_connect"/>
    </net>
    <net code="68" name="unconnected-(U2-Rc6-Pad44)" class="Default">
      <node ref="U2" pin="44" pinfunction="Rc6" pintype="bidirectional+no_connect"/>
    </net>
    <net code="69" name="unconnected-(U2-Rd4-Pad43)" class="Default">
      <node ref="U2" pin="43" pinfunction="Rd4" pintype="bidirectional+no_connect"/>
    </net>
    <net code="70" name="unconnected-(U2-Vbus-Pad1)" class="Default">
      <node ref="U2" pin="1" pinfunction="Vbus" pintype="power_out+no_connect"/>
    </net>
  </nets>
</export>
